Threads,Real Time(s),User Time(s),Sys Time(s),Speedup
1,4.490000,4.490000,0.000000,0.877506
2,2.280000,4.550000,0.000000,1.728070
4,1.190000,4.750000,0.000000,3.310924
8,1.120000,8.930000,0.000000,3.517857
12,0.850000,9.960000,0.000000,4.635294
16,1.040000,8.110000,0.140000,3.788462
32,0.920000,8.540000,0.340000,4.282609
64,0.950000,8.770000,0.740000,4.147368
128,1.070000,9.080000,1.310000,3.682243
256,1.340000,9.340000,2.670000,2.940299
512,1.930000,10.140000,5.560000,2.041451
